model,pretraining,ttt_variants,ttt_budget,pass_at_1,pass_at_2,oracle,evaluation_tasks,source
varc,none,51,low,0.2375,0.2612,0.3475,400,archived matrix note; reported aggregate
varc,none,51,high,0.3075,0.3438,0.4313,400,archived matrix note; reported aggregate
varc,none,1001,low,0.1450,0.1613,0.2313,400,archived matrix note; reported aggregate
varc,none,1001,high,0.3063,0.3550,0.4625,400,archived matrix note; reported aggregate
varc,v51_40m,51,low,0.3175,0.3488,0.4300,400,archived matrix note; reported aggregate
varc,v51_40m,51,high,0.3588,0.3937,0.5000,400,archived matrix note; reported aggregate
varc,v51_40m,1001,low,0.2913,0.3237,0.4763,400,archived matrix note; reported aggregate
varc,v51_40m,1001,high,0.3387,0.3925,0.5262,400,archived matrix note; reported aggregate
varc,v51_130m,51,low,0.3150,0.3425,0.4225,400,archived matrix note; reported aggregate
varc,v51_130m,51,high,0.3500,0.4000,0.4775,400,archived matrix note; reported aggregate
varc,v51_130m,1001,low,0.2938,0.3312,0.4475,400,archived matrix note; reported aggregate
varc,v51_130m,1001,high,0.3300,0.3675,0.4938,400,archived matrix note; reported aggregate
varc,v1001_40m,51,low,0.2650,0.2875,0.3925,400,archived matrix note; reported aggregate
varc,v1001_40m,51,high,0.3312,0.3575,0.4625,400,archived matrix note; reported aggregate
varc,v1001_40m,1001,low,0.2487,0.2863,0.4400,400,archived matrix note; reported aggregate
varc,v1001_40m,1001,high,0.3063,0.3513,0.4888,400,archived matrix note; reported aggregate
varc,v1001_130m,51,low,0.2662,0.2975,0.3825,400,archived matrix note; reported aggregate
varc,v1001_130m,51,high,0.2888,0.3237,0.3975,400,archived matrix note; reported aggregate
varc,v1001_130m,1001,low,0.2612,0.3013,0.4150,400,archived matrix note; reported aggregate
varc,v1001_130m,1001,high,0.3025,0.3375,0.4363,400,archived matrix note; reported aggregate
trm,none,51,low,0.0187,0.0238,0.0425,400,archived matrix note; reported aggregate
trm,none,51,high,0.0875,0.1037,0.1512,400,archived matrix note; reported aggregate
trm,none,1001,low,0.0138,0.0187,0.0338,400,archived matrix note; reported aggregate
trm,none,1001,high,0.1825,0.1963,0.2925,400,archived matrix note; reported aggregate
trm,v51_40m,51,low,0.2512,0.2800,0.3488,400,archived matrix note; reported aggregate
trm,v51_40m,51,high,0.2913,0.3300,0.3912,400,archived matrix note; reported aggregate
trm,v51_40m,1001,low,0.2712,0.2963,0.4088,400,archived matrix note; reported aggregate
trm,v51_40m,1001,high,0.3050,0.3337,0.5038,400,archived matrix note; reported aggregate
trm,v51_130m,51,low,0.2462,0.2900,0.3438,400,archived matrix note; reported aggregate
trm,v51_130m,51,high,0.3013,0.3337,0.3975,400,archived matrix note; reported aggregate
trm,v51_130m,1001,low,0.2875,0.3137,0.4263,400,archived matrix note; reported aggregate
trm,v51_130m,1001,high,0.3538,0.3750,0.5000,400,archived matrix note; reported aggregate
trm,v1001_40m,51,low,0.2375,0.2800,0.3600,400,archived matrix note; reported aggregate
trm,v1001_40m,51,high,0.3013,0.3375,0.4000,400,archived matrix note; reported aggregate
trm,v1001_40m,1001,low,0.2625,0.2875,0.4275,400,archived matrix note; reported aggregate
trm,v1001_40m,1001,high,0.3187,0.3463,0.4500,400,archived matrix note; reported aggregate
trm,v1001_130m,51,low,0.2725,0.3187,0.3837,400,archived matrix note; reported aggregate
trm,v1001_130m,51,high,0.3200,0.3513,0.4225,400,archived matrix note; reported aggregate
trm,v1001_130m,1001,low,0.2975,0.3225,0.4450,400,archived matrix note; reported aggregate
trm,v1001_130m,1001,high,0.3225,0.3575,0.4825,400,archived matrix note; reported aggregate
